ID;Имя;Фамилия;Отчество;Дата рождения;Дата регистрации;Email;Телефон;Пол;Фотография клиента;;;;;;;;;
201;Иосиф;Голубев;Тимофеевич;06.05.1982;18.08.2018;smcnabb@att.net;7(78)972-73-11;м;Клиенты\m18.jpg;;;;;Овчинникова;#Н/Д;;201;Голубев
202;Алла;Ермакова;Мироновна;22.01.1976;09.02.2017;whimsy@aol.com;7(06)437-13-73;ж;Клиенты\48.jpg;;;;;Анисимова;#Н/Д;;202;Ермакова
203;Глеб;Селиверстов;Максимович;20.06.1999;07.01.2016;jigsaw@sbcglobal.net;7(20)554-28-68;м;Клиенты\m37.jpg;;;;;Горбачёва;#Н/Д;;203;Селиверстов
204;Юстиниан;Агафонов;Олегович;02.02.1997;08.06.2016;staffelb@sbcglobal.net;7(303)810-28-78;м;Клиенты\m1.jpg;;;;;Игнатов;#Н/Д;;204;Агафонов
205;Злата;Колобова;Романовна;25.08.1994;03.12.2016;sinkou@aol.com;7(50)884-07-35;ж;Клиенты\18.jpg;;;;;Калашников;#Н/Д;;205;Колобова
206;Дарина;Сысоева;Ярославовна;03.02.1982;13.05.2016;treit@verizon.net;7(0698)387-96-04;ж;Клиенты\32.jpg;;;;;Ефимова;#Н/Д;;206;Сысоева
207;Варлам;Некрасов;Михайлович;12.11.2000;03.12.2017;dogdude@verizon.net;7(019)258-06-35;м;Клиенты\m42.jpg;;;;;Орлова;#Н/Д;;207;Некрасов
208;Наум;Крюков;Ильяович;17.11.1993;01.02.2017;floxy@hotmail.com;7(81)657-88-92;м;Клиенты\m30.jpg;;;;;Беляева;#Н/Д;;208;Крюков
209;Татьяна;Сидорова;Михайловна;24.04.1974;03.10.2018;tbeck@mac.com;7(51)732-91-79;ж;Клиенты\42.jpg;;;;;Волков;#Н/Д;;209;Сидорова
210;Альжбета;Трофимова;Якововна;22.10.1988;21.09.2017;gbacon@mac.com;7(1084)658-92-95;ж;Клиенты\25.jpg;;;;;Попова;#Н/Д;;210;Трофимова
211;Адриан;Новиков;Аркадьевич;15.01.1974;23.11.2018;multiplx@verizon.net;7(70)572-33-62;м;Клиенты\m40.jpg;;;;;Медведев;#Н/Д;;211;Новиков
212;Иветта;Мишина;Андреевна;05.10.2002;24.01.2016;aukjan@yahoo.com;7(3926)244-81-96;ж;Клиенты\30.jpg;;;;;Попова;#Н/Д;;212;Мишина
213;Геннадий;Шестаков;Рубенович;01.07.2001;08.12.2018;tokuhirom@live.com;7(2066)037-11-60;м;Клиенты\m41.jpg;;;;;Кузьмин;#Н/Д;;213;Шестаков
214;Матвей;Зуев;Иванович;28.03.1981;18.12.2018;brickbat@verizon.net;7(5383)893-04-66;м;Клиенты\m38.jpg;;;;;Кузьмин;#Н/Д;;214;Зуев
215;Георгина;Турова;Семёновна;28.05.1974;22.02.2018;yruan@optonline.net;7(555)321-42-99;ж;Клиенты\27.jpg;;;;;Новиков;#Н/Д;;215;Турова
216;Валентин;Анисимов;Пантелеймонович;10.12.2000;20.01.2018;aaribaud@hotmail.com;7(700)326-70-24;м;Клиенты\m99.jpg;;;;;Горшкова;#Н/Д;;216;Анисимов
217;Тамара;Анисимова;Витальевна;16.06.1988;25.02.2016;schwaang@mac.com;7(66)128-04-10;ж;Клиенты\2.jpg;;;;;Бирюкова;#Н/Д;;217;Анисимова
218;Орест;Колобов;Юлианович;14.07.2001;01.01.2017;parkes@verizon.net;7(1680)508-58-26;м;Клиенты\m27.jpg;;;;;Кудряшов;#Н/Д;;218;Колобов
219;Аристарх;Филатов;Дмитриевич;29.05.1989;11.01.2017;hampton@att.net;7(696)235-29-24;м;Клиенты\m43.jpg;;;;;Суворова;#Н/Д;;219;Филатов
220;Влада;Орлова;Мартыновна;26.06.1990;21.03.2016;rnelson@yahoo.ca;7(2506)433-38-35;ж;Клиенты\22.jpg;;;;;Кузьмина;#Н/Д;;220;Орлова
221;Элина;Алексеева;Матвеевна;07.05.2002;28.03.2018;pthomsen@verizon.net;7(8086)245-64-81;ж;Клиенты\1.jpg;;;;;Копылов;#Н/Д;;221;Алексеева
222;Агафон;Бобров;Лаврентьевич;29.07.1995;09.05.2017;petersen@comcast.net;7(2159)507-39-57;м;Клиенты\m35.jpg;;;;;Медведев;#Н/Д;;222;Бобров
223;Инара;Бирюкова;Улебовна;21.07.1978;01.10.2017;smpeters@hotmail.com;7(098)346-50-58;ж;Клиенты\5.jpg;;;;;Архипова;#Н/Д;;223;Бирюкова
224;Марк;Панфилов;Рудольфович;13.04.1991;23.02.2016;cremonini@optonline.net;7(764)282-55-22;м;Клиенты\m45.jpg;;;;;Горбачёва;#Н/Д;;224;Панфилов
225;Алина;Колесникова;Еремеевна;19.04.2001;18.01.2017;gfxguy@outlook.com;7(74)977-39-71;ж;Клиенты\40.jpg;;;;;Колобов;#Н/Д;;225;Колесникова
226;Наум;Морозов;Валерьянович;04.07.1985;02.05.2016;salesgeek@mac.com;7(636)050-96-13;м;Клиенты\m49.jpg;;;;;Орлова;#Н/Д;;226;Морозов
227;Давид;Горбачёв;Тимурович;22.05.1983;17.12.2018;hedwig@att.net;7(53)602-85-41;м;Клиенты\m36.jpg;;;;;Ершов;#Н/Д;;227;Горбачёв
228;Оскар;Васильев;Богданович;30.01.1971;28.05.2017;miturria@verizon.net;7(585)801-94-29;м;Клиенты\m15.jpg;;;;;Филатов;#Н/Д;;228;Васильев
229;Номи;Ершова;Андреевна;13.09.2001;30.06.2016;miltchev@mac.com;7(7757)315-90-99;ж;Клиенты\14.jpg;;;;;Большаков;#Н/Д;;229;Ершова
230;Святослав;Медведев;Юлианович;04.10.1972;13.10.2018;hllam@comcast.net;7(3520)435-21-20;м;Клиенты\m13.jpg;;;;;Архипова;#Н/Д;;230;Медведев
231;Эльмира;Баранова;Дмитриевна;15.01.1977;08.07.2016;jgmyers@comcast.net;7(9240)643-15-50;ж;Клиенты\4.jpg;;;;;Блохин;#Н/Д;;231;Баранова
232;Харита;Попова;Якуновна;16.12.1997;05.07.2016;firstpr@verizon.net;7(335)386-81-06;ж;Клиенты\36.jpg;;;;;Гусева;#Н/Д;;232;Попова
233;Аверкий;Кудряшов;Константинович;26.07.1991;08.03.2018;nanop@msn.com;7(88)732-96-30;м;Клиенты\m33.jpg;;;;;Галкин;#Н/Д;;233;Кудряшов
234;Марта;Горшкова;Иосифовна;13.02.2001;04.08.2016;gbacon@mac.com;7(544)650-59-03;ж;Клиенты\9.jpg;;;;;Новиков;#Н/Д;;234;Горшкова
235;Богдан;Кудрявцев;Христофорович;27.02.1988;07.10.2016;lukka@hotmail.com;7(20)131-84-09;м;Клиенты\m31.jpg;;;;;Андреев;#Н/Д;;235;Кудрявцев
236;Яков;Гусев;Авксентьевич;10.12.1995;20.11.2017;jdhedden@icloud.com;7(0972)781-11-37;м;Клиенты\m20.jpg;;;;;Большаков;#Н/Д;;236;Гусев
237;Авигея;Крюкова;Святославовна;10.08.2000;03.01.2018;simone@gmail.com;7(499)318-88-53;ж;Клиенты\19.jpg;;;;;Блинов;#Н/Д;;237;Крюкова
238;Амелия;Степанова;Робертовна;06.06.1970;27.09.2017;rasca@hotmail.com;7(1217)441-28-42;ж;Клиенты\15.jpg;;;;;Филатов;#Н/Д;;238;Степанова
239;Божена;Суворова;Анатольевна;09.03.1981;28.01.2016;attwood@aol.com;7(347)895-86-57;ж;Клиенты\34.jpg;;;;;Абрамов;#Н/Д;;239;Суворова
240;Аввакум;Борисов;Артемович;25.04.1974;11.03.2017;chlim@live.com;7(2296)930-08-88;м;Клиенты\m12.jpg;;;;;Киселёв;#Н/Д;;240;Борисов
241;Георгий;Бобылёв;Витальевич;19.12.1983;06.04.2018;csilvers@mac.com;7(88)685-13-51;м;Клиенты\m11.jpg;;;;;Колобов;#Н/Д;;241;Бобылёв
242;Вольдемар;Дроздов;Артемович;07.02.1976;18.07.2017;smpeters@me.com;7(307)456-99-05;м;Клиенты\m21.jpg;;;;;Кудряшов;#Н/Д;;242;Дроздов
243;Сабрина;Беляева;Федосеевна;26.07.1972;14.06.2017;agapow@gmail.com;7(6580)534-32-58;ж;Клиенты\47.jpg;;;;;Анисимова;#Н/Д;;243;Беляева
244;Пантелеймон;Блохин;Феликсович;06.03.1978;14.02.2018;balchen@comcast.net;7(9524)556-48-98;м;Клиенты\m8.jpg;;;;;Горбачёва;#Н/Д;;244;Блохин
245;Гелла;Шашкова;Эдуардовна;24.02.1979;16.11.2016;jadavis@mac.com;7(57)446-21-04;ж;Клиенты\43.jpg;;;;;Кузьмина;#Н/Д;;245;Шашкова
246;Артур;Калашников;Юрьевич;13.12.1972;20.08.2017;oevans@aol.com;7(147)947-47-21;м;Клиенты\m10.jpg;;;;;Некрасов;#Н/Д;;246;Калашников
247;Анэля;Корнилова;Михайловна;02.04.1973;22.05.2016;jonathan@aol.com;7(20)980-01-60;ж;Клиенты\26.jpg;;;;;Анисимова;#Н/Д;;247;Корнилова
248;Янита;Гущина;Федоровна;02.03.1999;01.02.2018;lishoy@att.net;7(4544)716-68-96;ж;Клиенты\11.jpg;;;;;Калашников;#Н/Д;;248;Гущина
249;Людвиг;Волков;Витальевич;27.12.1977;27.04.2016;jrkorson@msn.com;7(8459)592-05-58;м;Клиенты\m50.jpg;;;;;Колобов;#Н/Д;;249;Волков
250;Терентий;Князев;Валерьевич;19.06.1991;25.06.2018;rjones@aol.com;7(98)397-23-23;м;Клиенты\m26.jpg;;;;;Лазарев;#Н/Д;;250;Князев
251;Гаянэ;Силин;Анатольевич;27.05.1976;05.05.2017;multiplx@comcast.net;7(4547)615-22-69;м;Клиенты\m46.jpg;;;;;Копылов;#Н/Д;;251;Силин
252;Дмитрий;Казаков;Русланович;15.12.1978;21.05.2016;ozawa@verizon.net;7(51)682-19-40;м;Клиенты\m44.jpg;;;;;Игнатов;#Н/Д;;252;Казаков
253;Роза;Гусева;Дмитриевна;13.02.1999;12.12.2017;martyloo@live.com;7(23)064-51-84;ж;Клиенты\10.jpg;;;;;Лазарев;#Н/Д;;253;Гусева
254;Марфа;Мамонтова;Мироновна;19.10.1984;27.02.2018;rfoley@verizon.net;7(38)095-64-18;ж;Клиенты\29.jpg;;;;;Мишина;#Н/Д;;254;Мамонтова
255;Эрик;Галкин;Онисимович;18.01.1975;19.07.2016;snunez@verizon.net;7(759)873-77-39;м;Клиенты\m16.jpg;;;;;Бирюкова;#Н/Д;;255;Галкин
256;Прасковья;Архипова;Валерьевна;09.01.1979;23.07.2018;cgcra@live.com;7(86)540-10-21;ж;Клиенты\33.jpg;;;;;Галкин;#Н/Д;;256;Архипова
257;Лаура;Овчинникова;Еремеевна;03.04.1992;24.11.2018;carcus@yahoo.ca;7(85)829-33-79;ж;Клиенты\35.jpg;;;;;Морозов;#Н/Д;;257;Овчинникова
258;Патрисия;Андреева;Валерьевна;18.11.1993;17.07.2016;jigsaw@aol.com;7(9648)953-81-26;ж;Клиенты\37.jpg;;;;;Гусева;#Н/Д;;258;Андреева
259;Самуил;Авдеев;Улебович;04.07.1996;11.02.2016;cliffordj@mac.com;7(3168)043-63-31;м;Клиенты\m96.jpg;;;;;Игнатов;#Н/Д;;259;Авдеев
260;Светлана;Бурова;Лукьевна;04.01.1979;13.10.2016;wsnyder@aol.com;7(358)173-82-21;ж;Клиенты\39.jpg;;;;;Горбачёва;#Н/Д;;260;Бурова
261;Глеб;Ершов;Федорович;14.06.1970;14.09.2016;sjava@aol.com;7(2608)298-40-82;м;Клиенты\m23.jpg;;;;;Калашников;#Н/Д;;261;Ершов
262;Захар;Игнатов;Павлович;07.10.1998;10.11.2017;dieman@icloud.com;7(578)574-73-36;м;Клиенты\m98.jpg;;;;;Ершов;#Н/Д;;262;Игнатов
263;Амалия;Комиссарова;Робертовна;18.08.1971;04.08.2017;jorgb@msn.com;7(22)647-46-32;ж;Клиенты\17.jpg;;;;;Медведев;#Н/Д;;263;Комиссарова
264;Трофим;Быков;Константинович;20.12.1994;17.04.2016;jguyer@aol.com;7(3414)460-12-05;м;Клиенты\m14.jpg;;;;;Дроздов;#Н/Д;;264;Быков
265;Леонтий;Кузьмин;Валерьянович;05.05.2000;12.10.2017;msloan@hotmail.com;7(1340)148-90-68;м;Клиенты\m17.jpg;;;;;Кудряшов;#Н/Д;;265;Кузьмин
266;Диана;Белозёрова;Антоновна;27.02.1989;30.01.2017;dialworld@aol.com;7(9900)174-59-87;ж;Клиенты\7.jpg;;;;;Андреев;#Н/Д;;266;Белозёрова
267;Евгений;Блинов;Мэлсович;05.01.1994;07.05.2017;moxfulder@outlook.com;7(0852)321-82-64;м;Клиенты\m7.jpg;;;;;Архипова;#Н/Д;;267;Блинов
268;Алексей;Лазарев;Богданович;10.03.1977;02.01.2017;claesjac@me.com;7(0055)737-37-48;м;Клиенты\m48.jpg;;;;;Мишина;#Н/Д;;268;Лазарев
269;Розалия;Афанасьева;Макаровна;01.05.1977;06.09.2017;malattia@hotmail.com;7(0661)413-23-32;ж;Клиенты\31.jpg;;;;;Анисимова;#Н/Д;;269;Афанасьева
270;Эдита;Дементьева;Онисимовна;17.09.1975;24.11.2018;frosal@hotmail.com;7(198)922-28-76;ж;Клиенты\38.jpg;;;;;Крюков;#Н/Д;;270;Дементьева
271;Петр;Калинин;Иванович;08.09.1993;26.05.2016;aschmitz@hotmail.com;7(90)316-07-17;м;Клиенты\m47.jpg;;;;;Крюков;#Н/Д;;271;Калинин
272;Станислав;Андреев;Максович;10.10.1975;26.12.2017;budinger@mac.com;7(02)993-91-28;м;Клиенты\m3.jpg;;;;;Анисимова;#Н/Д;;272;Андреев
273;Устин;Киселёв;Яковлевич;08.01.1985;21.06.2018;dalamb@verizon.net;7(83)334-52-76;м;Клиенты\m25.jpg;;;;;Ефимова;#Н/Д;;273;Киселёв
274;Павел;Гордеев;Семенович;06.09.1984;19.07.2016;dawnsong@verizon.net;7(5243)599-66-72;м;Клиенты\m19.jpg;;;;;Орлова;#Н/Д;;274;Гордеев
275;Никки;Горбачёва;Еремеевна;21.04.1987;16.08.2018;chinthaka@att.net;7(94)789-69-20;ж;Клиенты\8.jpg;;;;;Крюков;#Н/Д;;275;Горбачёва
276;Касьян;Копылов;Робертович;04.08.1983;18.03.2018;crobles@sbcglobal.net;7(5774)679-82-06;м;Клиенты\m29.jpg;;;;;Горшкова;#Н/Д;;276;Копылов
277;Витольд;Ефремов;Авксентьевич;02.12.1975;09.04.2018;kwilliams@yahoo.ca;7(93)922-14-03;м;Клиенты\m28.jpg;;;;;Киселёв;#Н/Д;;277;Ефремов
278;Михаил;Баранов;Романович;12.07.1997;07.10.2018;bigmauler@outlook.com;7(750)985-94-13;м;Клиенты\m5.jpg;;;;;Морозов;#Н/Д;;278;Баранов
279;Элина;Дмитриева;Даниловна;10.12.1988;11.02.2017;vmalik@live.com;7(787)140-48-84;ж;Клиенты\12.jpg;;;;;Архипова;#Н/Д;;279;Дмитриева
280;Осип;Федотов;Анатольевич;13.04.1971;23.07.2018;breegster@hotmail.com;7(590)702-33-06;м;Клиенты\m9.jpg;;;;;Медведев;#Н/Д;;280;Федотов
281;Тала;Быкова;Георгьевна;22.02.2000;13.08.2016;ganter@optonline.net;7(13)915-53-53;ж;Клиенты\6.jpg;;;;;Горшкова;#Н/Д;;281;Быкова
282;Вадим;Дементьев;Ростиславович;10.07.1993;05.03.2018;jacks@aol.com;7(79)330-46-15;м;Клиенты\m39.jpg;;;;;Новиков;#Н/Д;;282;Дементьев
283;Макар;Евсеев;Васильевич;13.09.1977;05.12.2018;parsimony@sbcglobal.net;7(2141)077-85-70;м;Клиенты\m22.jpg;;;;;Андреев;#Н/Д;;283;Евсеев
284;Станислав;Абрамов;Филатович;18.05.1989;08.12.2016;solomon@att.net;7(6545)478-87-79;м;Клиенты\m32.jpg;;;;;Андреева;#Н/Д;;284;Абрамов
285;Лиза;Артемьева;Максимовна;17.05.1996;07.10.2018;snunez@yahoo.ca;7(696)972-70-21;ж;Клиенты\3.jpg;;;;;Дроздов;#Н/Д;;285;Артемьева
286;Дэнна;Кузьмина;Витальевна;24.08.1993;27.03.2016;nichoj@mac.com;7(9940)977-45-73;ж;Клиенты\20.jpg;;;;;Волков;#Н/Д;;286;Кузьмина
287;Магда;Ефимова;Платоновна;16.08.1995;01.08.2017;rbarreira@me.com;7(9261)386-15-92;ж;Клиенты\16.jpg;;;;;Смирнов;#Н/Д;;287;Ефимова
288;Альберт;Ефимов;Проклович;29.10.1997;21.06.2018;houle@live.com;7(416)375-97-19;м;Клиенты\m6.jpg;;;;;Горшкова;#Н/Д;;288;Ефимов
289;Эльвина;Лазарева;Робертовна;16.02.1996;11.04.2018;ahuillet@comcast.net;7(5564)609-81-37;ж;Клиенты\28.jpg;;;;;Ершов;#Н/Д;;289;Лазарева
290;Изабелла;Воронова;Вячеславовна;24.09.1999;21.12.2017;kildjean@sbcglobal.net;7(17)433-44-98;ж;Клиенты\21.jpg;;;;;Абрамов;#Н/Д;;290;Воронова
291;Эвелина;Куликова;Вячеславовна;14.11.1997;01.02.2018;ilikered@hotmail.com;7(0236)682-42-78;ж;Клиенты\23.jpg;;;;;Некрасов;#Н/Д;;291;Куликова
292;Амалия;Егорова;Дамировна;28.09.1999;30.06.2016;drezet@yahoo.com;7(7486)408-12-26;ж;Клиенты\13.jpg;;;;;Абрамов;#Н/Д;;292;Егорова
293;Станислав;Александров;Эдуардович;04.07.1981;08.11.2018;bigmauler@aol.com;7(18)164-05-12;м;Клиенты\m2.jpg;;;;;Новиков;#Н/Д;;293;Александров
294;Демьян;Цветков;Львович;29.03.1996;12.02.2016;hauma@icloud.com;7(93)546-43-73;м;Клиенты\m4.jpg;;;;;Кудряшов;#Н/Д;;294;Цветков
295;Юнона;Устинова;Валентиновна;08.08.1982;28.05.2017;kempsonc@live.com;7(33)367-13-07;ж;Клиенты\44.jpg;;;;;Большаков;#Н/Д;;295;Устинова
296;Любава;Костина;Авксентьевна;13.07.1972;26.02.2016;gordonjcp@hotmail.com;7(6419)959-21-87;ж;Клиенты\41.jpg;;;;;Андреев;#Н/Д;;296;Костина
297;Мартын;Смирнов;Арсеньевич;25.06.1996;07.02.2017;haddawy@live.com;7(6251)589-02-43;м;Клиенты\m34.jpg;;;;;Галкин;#Н/Д;;297;Смирнов
298;Сандра;Федотова;Владленовна;29.03.1985;08.11.2016;penna@verizon.net;7(126)195-25-86;ж;Клиенты\24.jpg;;;;;Ефимова;#Н/Д;;298;Федотова
299;Леонтий;Журавлёв;Яковлевич;02.03.2000;15.01.2018;cmdrgravy@me.com;7(4403)308-56-96;м;Клиенты\m24.jpg;;;;;Блинов;#Н/Д;;299;Журавлёв
300;Вадим;Большаков;Данилович;15.05.1970;04.08.2018;uncle@gmail.com;7(386)641-13-37;м;Клиенты\m97.jpg;;;;;Колобов;;;300;Большаков
